X1,X2,X3,X4,X5,X6
0.9509,-1.2693,1.705,2.6326,-1.8855,-1.9504
0.9527,0.6417,-2.0443,-2.5285,0.6318,0.6207
-3.0534,2.193,1.7798,2.8757,-5.2345,-0.4466
2.1869,-3.7104,0.6301,-1.0453,-2.1734,4.7032
-0.195,0.2881,-1.6407,-2.0781,0.3715,5.3648
0.2128,1.7764,-0.4224,0.2066,-1.6312,0.7082
-1.5604,1.4786,-1.9777,-0.5492,2.6253,0.7087
0.329,-1.3606,-0.7045,0.2356,-1.2077,-0.31
0.8461,0.781,0.4839,1.1152,-0.047,0.7705
-0.961,1.6986,-1.5303,-0.1753,2.8721,-2.4188
-0.2598,-0.6759,-0.5181,-0.7874,1.6005,-2.5394
-1.2802,1.0224,1.2462,2.3658,0.5244,-4.9517
0.0488,0.8857,0.2242,1.4109,-1.3882,1.8426
-1.712,1.2815,-0.7217,-1.2457,1.4539,0.5429
-1.414,0.4827,0.4732,1.3687,0.751,-2.7051
-0.7443,-0.7015,-0.207,-0.003,0.159,-0.7417
0.2996,3.7584,0.9832,3.4696,-0.2504,-1.3424
-0.8391,-3.8911,0.0635,0.8724,0.2187,-0.1282
-1.219,1.0892,-1.1644,-0.098,0.8746,-2.385
-1.005,1.6235,-1.1771,0.1021,-0.0831,0.2349
0.4505,0.3587,-1.4689,0.0413,0.3763,-4.5089
-0.0825,-1.3634,-1.3201,-1.4358,1.205,0.4798
-0.5309,2.6095,0.0516,0.2954,-0.9357,0.3606
2.0556,-1.5653,-1.47,-1.4267,1.379,-0.3358
1.5371,0.481,3.1504,1.0089,-3.7566,3.3048
0.3798,-0.6936,-2.8678,-0.8103,2.0566,1.9635
-0.5264,0.9347,1.368,1.5626,-2.229,1.0594
1.0686,0.6164,1.4129,-0.2462,-1.4753,-0.991
3.3947,-0.4463,-0.5173,-4.8277,2.7493,0.8697
-0.2044,2.6696,0.5252,0.958,-2.1679,0.7841
1.77,-0.937,-1.2657,-1.6338,1.1812,3.8714
0.2715,-2.6873,-0.0036,-0.3206,2.8871,-2.0094
0.099,-2.7908,1.7931,-2.0138,-1.7527,2.0921
0.2722,-0.8368,-1.7092,-0.9218,2.237,0.9376
-1.7596,0.0899,0.4038,2.9668,0.7772,0.18
-2.0034,-0.1938,0.3892,1.4278,1.9198,-1.365
0.7722,0.0701,-1.6976,-0.0411,-0.322,1.0559
1.1138,2.4873,2.514,-0.2923,0.5528,-0.6327
-0.3599,-2.0392,-0.8463,2.2315,1.7483,-3.3031
-0.0459,-1.1241,0.7772,-1.0278,-2.6698,5.6934
-0.9723,0.1941,0.3474,0.6092,-1.8501,3.4717
2.1654,-0.986,2.468,0.5872,-2.9824,2.4304
2.571,-0.8892,-0.6243,-0.0627,3.2628,-2.5876
0.9661,-0.5433,-2.6344,-3.0962,1.2662,-0.1188
-0.0414,1.0529,-3.155,-1.5958,6.3098,-7.1695
0.3468,-0.6395,-0.5781,-0.6249,2.2082,-1.168
-0.3743,0.3982,0.5649,2.2209,1.9078,-2.1329
-0.0215,1.5032,2.5042,2.3342,0.5805,-5.1215
-2.3005,1.8862,0.1643,1.4919,0.5603,-1.9267
-0.2825,3.5532,-0.9629,-2.3495,1.9656,0.1902
0.8188,-1.1821,1.0849,-0.7122,-2.7624,1.644
-0.785,1.277,2.2985,-0.7364,-0.0185,1.2816
0.8262,1.6665,-0.1391,-0.7936,-0.1796,-0.9943
0.5538,0.9881,2.051,-1.2389,0.6507,0.5262
0.9487,0.2961,-1.8864,0.4158,0.1547,-1.4921
0.6167,0.7879,1.1456,-0.0568,-3.2577,3.9084
0.6631,1.5651,-1.7148,0.4052,0.8905,-0.0785
0.6867,0.442,1.1406,-1.0662,0.0501,0.2506
0.2304,-2.9875,1.0559,2.4603,-2.1089,-0.0982
1.181,-1.3851,1.4395,-0.9541,-2.9134,2.6621
2.6723,0.7359,-1.6314,-0.5407,0.8694,-0.3191
-0.1658,0.3693,0.5422,3.1084,-1.1725,-0.0588
-0.0091,-1.3412,-1.3146,-4.3231,3.0183,0.671
-0.864,2.0973,1.0091,1.3208,-2.8419,2.9142
-2.5363,-1.7973,-1.5268,0.0504,0.9615,-1.5353
0.4679,1.8269,2.2727,1.0902,-2.489,0.6687
-0.6139,-0.1152,1.2088,-0.333,-1.9648,0.589
0.4534,-1.7225,-0.9419,-0.0713,1.6064,-2.2063
-0.7437,-2.6181,-0.6502,-0.8421,2.0749,-1.405
2.0298,0.1079,-1.8049,-2.5624,2.4677,-1.03
3.6785,1.258,0.2677,-0.4854,1.1459,1.0313
0.3899,-0.0439,-1.5047,-1.4819,1.3078,0.286
-0.9884,0.6328,-1.4276,1.0285,0.331,0.7056
-2.0749,-2.7835,-0.329,1.5956,0.0789,-1.9661
0.2454,1.8994,0.2944,-0.4645,0.2066,0.6271
-0.1599,0.1525,0.0608,0.5927,1.553,-0.3034
-0.804,1.0765,1.0261,1.0758,-1.8623,1.7493
-0.6479,0.835,-1.8009,-1.1954,2.5863,-2.3269
-0.5441,0.994,-0.3975,-1.4601,1.1726,0.2571
-0.1506,-1.3564,0.1544,-0.4406,0.5768,-0.2556
-2.6183,0.1403,1.5328,1.7016,-2.2264,1.2165
1.0133,-0.2238,1.5656,1.1242,0.9432,-0.9807
-1.1676,3.8146,-1.3717,-1.1761,0.4393,2.6157
-1.4856,2.8732,0.4527,0.55,0.5115,-0.2684
-0.734,0.1613,2.5443,2.7812,-0.7423,0.4016
-0.8792,-0.4651,1.0736,0.9027,1.2838,-0.152
4.9616,-0.6958,-1.6601,-1.9679,2.5808,1.774
-0.4046,-0.5395,-1.2957,-0.541,0.5139,0.1906
-2.3331,2.5708,-0.7196,-1.1312,-0.1262,2.3592
0.7531,0.612,-0.9846,-1.6356,1.2916,-0.5582
0.5601,0.2855,0.4948,-0.5314,0.9766,-2.2986
0.1781,0.3584,-0.2205,0.8507,-0.1498,-2.6422
-0.1664,-0.62,0.2679,2.713,-0.369,-3.2019
0.43,0.7565,0.6714,-0.0723,-0.8488,2.4708
-0.6084,3.1585,-1.1011,0.0813,-2.6473,3.2308
1.8484,0.3284,-0.9101,0.5922,1.7075,-1.9222
1.6079,0.0781,-1.3259,-2.515,-1.3899,1.4971
0.5581,-1.7223,-0.3055,-0.3499,-2.0733,0.9308
-0.7581,1.0837,2.5725,3.2565,-1.5189,-2.4136
0.6038,-0.989,-0.0977,-0.7,2.275,-0.8108
-1.2884,0.4067,1.684,1.8089,-2.3499,0.804
-0.6546,0.7848,-2.8559,-0.3612,2.2312,-0.192
0.5052,-0.9422,-1.4046,-1.2056,2.7227,-1.0173
1.2086,-0.3732,0.5167,-1.1171,-1.2861,3.2944
0.6868,0.6725,1.6906,0.3697,0.117,0.7656
-1.9195,-1.1492,-0.621,0.3545,2.1822,-2.5864
2.3227,0.2191,1.246,-2.9187,-0.2994,2.7236
-1.0375,-0.35,0.8343,0.611,-2.8046,1.1444
-1.2795,-1.4997,1.4199,-0.8167,0.5867,0.5928
-2.7227,-0.4282,0.8426,2.3877,0.5483,-1.7294
-2.1492,1.765,-0.4348,1.1445,0.6881,-0.7869
1.4715,0.3331,0.4314,-1.3538,1.7971,-0.2847
0.2605,1.1509,1.9219,3.1514,-1.4497,-1.9064
1.4804,1.7425,0.08,-2.6986,-0.4597,2.9712
0.171,-0.8895,0.4807,1.0959,-0.7207,1.016
-0.9195,-1.7916,-2.4651,-3.286,3.1405,1.3953
-2.6421,2.0372,1.3405,0.7405,-2.3807,1.4761
0.5471,-2.8413,-0.4606,-5.2672,1.6509,2.9477
0.1769,-0.7579,-3.4796,0.6067,4.8516,-6.1355
-1.8348,-0.5797,-1.6063,0.6204,2.5548,-2.4055
-1.2306,-3.201,2.1295,2.4995,-0.229,-3.6653
-1.1101,-0.7735,1.8107,1.4892,-2.6431,0.2677
1.9245,-0.6742,-3.9473,-3.9803,4.4975,-0.9261
0.8174,1.0432,-0.2729,0.0389,0.6727,1.1102
3.0169,-0.4152,-1.005,-1.3791,-0.0585,-1.9345
0.0832,0.2551,0.7379,-0.0076,-1.0305,-0.2656
-1.7903,1.7317,2.9263,3.2623,-0.3767,-3.6952
-0.1141,-0.9668,3.2622,1.4133,-4.6105,0.5043
-0.6677,-2.2694,-0.5162,0.7067,1.5623,-2.809
-1.2026,1.1751,1.8625,2.1949,-0.7778,-1.6376
0.0966,0.1186,0.1837,1.409,0.4093,-1.8506
-1.7175,-2.0743,-2.3558,-1.3012,0.8341,1.1675
-1.8253,-0.1591,0.6734,0.0672,-0.2236,-0.1499
-2.3532,0.713,-2.4842,0.1508,-0.4604,3.5747
-0.7001,-0.9938,3.7363,-0.9732,-3.7242,5.0829
-0.554,-1.4973,-1.5686,-0.0051,1.4457,-0.1481
-0.1108,-0.3006,0.0182,0.3119,3.0706,-2.3296
1.1943,-0.6694,1.308,0.5301,-0.8525,1.6355
-0.4639,-0.8771,1.6477,1.7621,-3.4281,1.6299
0.8804,-1.1869,0.5264,-0.0573,0.0872,-1.3019
1.119,0.8873,2.8465,-1.1614,-4.4463,4.1736
-0.2966,-1.6471,-2.6912,-1.1596,2.3333,-0.0095
-0.7362,0.6294,-0.5142,0.223,2.1887,-1.4151
1.1789,-0.0534,-0.7462,-2.772,1.5561,-0.1072
2.3177,-2.8936,-0.5173,-2.399,1.4563,1.6392
0.4026,3.4898,-0.3339,2.2898,-0.5021,0.4743
0.3209,-0.0563,-1.6316,-0.224,0.5578,0.5776
-1.2933,1.4028,0.9058,0.8688,0.1027,0.7516
1.0352,-0.5833,-1.2281,-0.3308,0.475,-1.0113
0.5988,-1.0404,0.9486,-1.7043,-0.5816,1.9099
-1.6286,-2.0215,-0.4556,1.3119,-1.4414,2.0086
0.6768,-0.7081,-0.9777,0.9509,0.0998,-0.9728
-0.8638,0.3369,0.6273,-0.1941,-1.5302,0.2097
0.5146,-0.6222,-2.6662,-3.9758,2.1724,-2.3317
-1.1118,-0.1841,-1.9032,-0.8204,3.8466,-2.9137
-1.12,-1.2067,0.1791,0.6622,1.0274,0.3758
-0.2227,1.1532,-2.0561,0.0028,1.9049,-0.1757
-0.2658,0.7026,0.6014,-0.3686,-2.4051,2.5388
0.1681,-0.3444,-3.3295,-4.5156,2.4735,-1.549
-1.036,0.546,-0.3911,-0.0711,-1.5974,-1.299
-0.8376,1.4182,1.2403,0.0504,-1.7185,0.2947
-1.3416,-1.7677,2.2433,0.7381,-6.6631,5.2778
-2.9948,-0.3981,-0.7801,2.5619,0.2485,-1.7489
-1.2706,0.1293,-2.0949,-0.501,0.4325,-0.9184
-2.1957,0.9748,-0.1126,1.533,-1.3061,-0.2188
1.1656,0.274,0.6896,-0.5021,-0.8435,-1.1181
0.8081,0.4778,0.4874,2.225,-0.7749,-1.6125
3.4108,-0.2099,-1.4636,-4.7669,0.8309,5.2461
0.6962,-2.1409,0.5004,-2.1557,-0.2438,0.8804
-0.185,1.0026,1.9645,3.7551,-2.3718,-0.4347
1.4816,1.3633,0.7484,-2.8797,-2.623,6.116
-0.868,-0.5341,1.349,1.3728,-0.8561,2.1054
-0.6245,-1.0261,-0.3352,0.4235,-0.8116,0.5764
0.2661,1.5719,-2.5376,-1.8988,2.3409,0.7894
-2.3093,-1.7037,-0.7523,-0.7155,-0.5001,0.981
1.6378,-0.1349,-2.265,-1.1793,4.814,-3.0949
-1.243,0.714,0.4874,1.2991,-0.4261,-6.16
1.1502,1.0066,0.8554,1.0999,0.6416,1.1375
0.0899,-1.2887,-1.1573,-1.6843,0.7508,-2.0989
-0.6096,0.3072,0.3439,1.6854,0.1632,-1.9732
1.4767,1.9821,-1.7353,-1.1657,3.5232,-1.3671
1.1659,1.335,-0.7413,-0.0015,3.0505,-0.1973
1.197,-3.9418,2.1716,-0.6419,-1.3858,2.5949
-0.2682,-1.0503,0.0853,0.6541,-0.8618,0.743
2.0725,1.3941,-0.1746,-1.9135,1.1197,2.3171
2.3832,0.5482,-1.9162,-1.913,2.6574,-1.0618
-1.5363,-1.0659,-0.5766,0.8558,0.0002,-1.9857
-0.4367,-0.9826,0.3707,-0.3603,-1.5965,2.791
-0.648,0.6988,0.4856,1.917,-1.5827,0.8298
-2.1429,0.6449,-0.6892,0.0573,-0.1079,-2.6924
-1.8593,1.9543,-0.3083,1.8655,-0.355,-1.2018
-1.9347,2.0189,2.7095,0.7716,-2.7021,2.8131
0.7386,1.3923,2.8858,0.9614,-2.8892,3.6127
0.5191,-1.3444,1.1832,1.3564,-3.465,0.9114
0.2054,-0.3044,-0.7062,-0.5443,1.2079,-1.7324
-1.8092,2.7197,-0.2174,-0.7938,1.6272,-3.7592
1.7428,-0.8948,0.2792,-1.0575,3.4852,-4.2946
0.6498,-2.2189,0.5538,-1.4886,-0.1242,-0.6904
-1.0603,-1.8044,-0.792,-0.1891,0.2,-0.1078
-0.8175,-3.6847,-0.2708,-0.375,-0.6202,2.8317
0.4835,-1.5692,1.9289,2.0006,-2.5008,-1.4206
0.8325,1.6416,0.5985,-0.6897,-1.6981,1.4922
2.9665,1.1578,0.0032,0.5663,0.9109,-0.8725
-2.8097,0.5574,-1.0551,-1.5157,-1.7869,2.8631
-1.368,-2.3,0.2181,0.3445,1.031,-1.3778
-1.28,-0.5628,0.1719,3.0775,-0.6282,-4.6689
-0.9066,1.49,-1.1071,0.8101,2.3929,-3.3682
-0.516,-0.9756,-1.0239,0.5089,0.9339,-0.7827
1.6432,2.2104,1.141,1.5415,-2.0029,0.2983
1.0236,0.7024,-1.5799,0.3281,2.001,0.3353
-0.7477,0.6195,2.5683,1.14,-2.2277,0.4564
-0.8837,-0.6454,-0.5417,-1.5064,1.1148,-2.247
-0.013,-1.1386,-1.5494,-0.1218,1.9371,0.3427
-2.3094,-1.6085,-1.27,-0.2269,3.2428,-4.281
0.0256,0.2847,-3.6354,-1.6238,3.3749,-2.6933
-1.5025,1.2183,-2.8467,-2.0362,2.4848,-0.3669
0.3882,-1.7023,-0.6247,-0.1097,0.1811,-0.8022
-1.9285,1.4204,0.5026,0.6884,-2.3619,3.0845
0.5485,-2.5531,-1.2665,-1.984,2.8488,-0.3969
1.0869,1.2449,-0.8367,-3.6125,0.1238,2.5627
0.432,0.3409,0.3752,-0.4036,0.7599,-1.4984
3.6403,2.3452,-1.5987,-0.6458,0.0373,1.8526
-1.1202,1.1759,1.1946,1.8517,0.1635,-2.4867
-0.5977,0.0972,-1.5958,0.9444,2.1845,-4.9399
-0.8527,-0.1085,-2.0125,-2.8914,2.6986,-0.2572
0.5114,-1.0639,-1.3201,1.0243,0.5689,-1.5253
-2.3176,0.0249,1.4094,1.7161,-1.7359,1.0074
-1.3085,1.7477,0.404,2.2411,-0.3154,-0.1634
-1.748,-0.1029,0.2632,3.9855,-2.9127,-0.6293
2.7844,-1.144,-1.8254,-2.853,3.4327,0.157
1.0518,-1.0631,0.3318,0.6773,1.4393,-1.5029
0.3912,1.3753,0.6014,-1.4841,-0.4061,2.2808
-0.7259,0.5854,0.8848,2.3435,-2.5732,0.9012
0.1173,1.1913,-0.7144,-0.9369,-1.7279,3.9685
-4.3684,0.9976,-1.1957,0.6954,-0.6896,-0.6125
-1.1864,-0.0407,-1.8987,-0.3219,2.0294,-2.0244
-0.7057,-0.1926,-1.2915,-0.4019,-1.7125,-1.1911
-0.4821,0.8004,1.8114,3.8435,-0.7963,-2.557
0.8523,-0.0812,0.8937,-1.636,-2.2622,4.7255
-0.4513,1.1811,1.9082,1.1314,0.1656,-0.7592
-1.084,-0.8051,2.0996,1.287,-1.7879,-0.6398
0.1586,-1.6986,0.5387,2.2448,-2.9641,-1.0117
-0.5242,0.7926,-1.8153,-0.8219,-0.896,0.5634
-0.1122,1.2442,2.0528,1.9054,-0.3105,0.3685
1.7692,1.475,-1.8554,-1.3559,2.5795,0.6901
-2.1978,-1.0942,-2.1248,-1.0401,3.0335,-1.3199
-1.6878,0.6091,-0.5814,-1.6281,-0.1661,1.7307
-0.9439,-0.1339,0.1265,0.3768,-0.4898,0.7893
-1.2435,-2.118,-1.5695,-0.9679,-0.1068,1.1384
-0.8428,1.2776,1.2227,3.2329,-1.1609,0.3999
1.4401,1.1067,0.5204,0.2278,0.8021,-1.7224
1.1118,0.943,-1.0336,-0.2021,-1.9138,2.561
0.8163,0.4432,0.738,-1.7984,-2.6841,4.4904
-0.7438,0.5156,-0.5021,-0.5147,2.1956,-1.0625
1.2844,-0.3383,-0.2161,2.1166,2.5134,-6.2678
-1.2538,0.3989,-2.133,-0.2134,-0.9359,1.0216
1.1534,3.2943,3.5767,1.8329,-1.6961,-1.5754
-2.3333,-1.5116,0.4672,-0.1314,-1.272,4.3221
0.7801,-1.1767,-0.2991,1.3366,-0.0816,2.6706
0.4047,-2.4335,0.2898,1.291,0.9828,2.213
-2.7543,-0.5652,-0.9099,0.8848,1.0059,-2.039
-1.1728,1.9821,1.4741,0.7009,-0.3532,-0.1914
1.2675,-1.5793,1.7864,-1.3304,-0.4223,2.039
-0.1696,-1.1134,0.6904,0.1032,0.1158,0.1463
-0.896,0.1674,-0.8175,-3.1123,-0.0188,2.5919
-2.3471,0.8612,-0.4522,1.2955,-0.6105,-0.0735
0.035,0.0241,-1.6795,0.4794,1.6788,-0.9146
0.5005,-1.4708,0.3367,-0.4024,-3.6739,0.7816
-0.905,0.1382,1.6157,0.958,-1.368,1.4124
1.2846,-0.7787,1.3855,0.7112,-2.2737,4.4333
-0.2838,0.2189,-0.5183,0.2283,-0.5801,-0.6114
-0.1611,-2.0389,0.5894,1.2477,1.0088,-1.7065
4.3158,0.2454,-1.8355,-1.3451,3.1915,-2.1981
-0.3882,0.0678,-1.8055,-1.841,1.4893,2.2792
-0.454,-1.6651,-0.4334,-1.1175,-0.6186,0.5029
1.0242,-1.8298,0.452,-1.204,-1.9959,2.6106
1.0708,1.6447,-0.2411,-0.5946,3.8333,-1.9763
1.8658,1.5629,-0.2073,-1.7157,-1.1606,1.1025
-0.0145,-1.9545,-0.4523,-1.0165,-1.1748,-0.8306
-2.2618,1.1223,-2.8043,-1.3725,4.5644,-3.1428
0.7632,1.9318,1.6412,0.4409,-0.4294,-0.2222
0.569,-0.1615,0.8262,-1.2481,-2.2201,1.274
0.9589,-0.5264,1.3097,0.4887,-2.9077,1.9517
-1.8677,1.5583,2.248,1.3488,-0.6141,-1.1416
-0.2195,-2.1836,-0.7352,0.5072,1.7484,-1.4349
0.7898,-0.5242,-0.0853,-0.6388,-2.1468,2.1315
0.8863,0.3594,-0.6126,0.2126,-0.6794,-0.4658
1.7224,-1.2673,1.3155,-0.3534,-0.0543,1.0116
2.9304,2.5864,1.0963,-0.5371,-1.8288,1.4212
-1.8358,0.2061,-2.1607,-0.394,-0.1578,-0.0293
-0.2236,-3.2971,-0.1557,-0.1421,-0.3397,1.1959
0.2029,-0.3306,-0.6609,0.5029,0.4946,-1.1848
2.3983,1.5845,3.1534,0.8097,-2.9803,0.9624
1.492,-0.512,0.2744,-1.73,-1.2635,-0.2529
0.7193,2.0629,-0.8828,-0.1365,-1.7076,1.9527
1.4887,-0.4087,-1.1561,-0.641,-0.6579,2.0187
-0.3627,-0.9653,0.0977,-0.2124,1.249,0.1521
2.8521,2.7435,-0.5723,-1.4345,0.0666,1.8204
-0.4191,0.137,0.0769,-0.3435,-2.0276,2.332
-0.2288,-0.3494,-1.1345,-0.3841,1.5552,-1.25
-0.0414,-0.6322,-0.5094,-1.8719,-0.4335,2.2836
-1.9046,-0.1805,-0.79,-2.9231,-0.1727,1.8423
-0.4811,-1.2868,0.3185,-1.3285,0.3963,0.9806
1.6281,1.8067,-2.0329,-0.7579,2.1515,-2.2225
2.4855,-1.0169,-0.7555,-2.6495,1.1528,2.6025
-2.5982,-0.6369,-0.3719,0.7034,-0.1068,-0.1972
-0.5396,0.2978,0.7621,-1.6871,-2.1881,1.7311
-0.3332,-2.1882,-0.7088,0.2004,2.4939,-3.7449
3.0993,1.7045,0.3208,0.5838,-0.7397,-0.5993
1.9835,-0.208,0.0243,-0.68,-0.3988,0.9955
0.9134,-0.7989,-0.7177,0.6759,-0.4421,1.1529
-0.234,0.4712,-0.3541,-2.3284,0.4686,0.789
-1.4388,-0.5924,-0.3272,-1.7597,3.6687,-2.3525
-1.2619,0.6627,0.6779,-0.1533,1.4535,-2.3324
0.7192,1.3821,0.1581,2.3463,-1.7834,-0.688
3.2481,-4.5847,0.493,0.7439,-0.3304,-0.9774
-1.0402,-0.1177,-0.036,2.3412,-0.1506,-0.0284
-2.5196,-0.9484,0.6373,1.3674,-0.061,-0.7229
0.1728,-1.089,0.0382,-0.0661,0.6337,0.3381
0.4202,0.1979,2.8118,2.6552,-2.187,0.6608
1.8831,-1.2163,0.1943,1.2967,-1.1369,-1.8996
0.8917,-0.196,0.9977,0.1277,-1.3955,3.9294
-0.5582,0.1017,0.0085,-0.6542,-0.2409,2.6677
-0.8763,1.6927,-0.7879,2.5175,1.4353,-6.0981
2.1824,-0.2709,-1.6312,-1.4655,1.3401,1.9332
2.803,-0.6102,-1.1097,-3.0608,2.0736,2.2168
-2.1101,-0.8376,-0.267,-0.2397,-0.8416,-0.1459
2.1429,0.2515,-1.9884,-0.983,3.8265,0.0891
-1.2329,-0.5585,-0.4311,-1.4948,-0.9786,2.8719
1.4109,-0.4807,-0.7019,-0.0377,1.1881,-1.3549
0.0,-0.5998,-0.1799,0.6066,-2.0314,1.4136
-0.7167,0.2526,-2.0617,-0.647,4.3046,-5.0834
-0.0998,-1.9445,0.2659,-0.2207,0.1812,-0.0944
-1.0939,-1.5468,0.0315,0.671,-0.0325,-0.4673
-2.5486,2.1998,-1.6874,0.3655,-1.5307,-2.6569
0.017,1.1362,-1.6935,0.8313,0.2736,-3.6711
0.5368,0.8532,0.4676,1.5963,0.6629,-1.3147
0.0133,0.4905,1.4784,-0.3493,-1.741,2.2114
-1.4355,1.622,-1.3947,-0.8675,0.8379,1.1551
-0.3534,-0.6675,1.4311,3.0387,-3.8136,-0.96
-0.4126,-0.5522,1.2736,2.4161,-0.2866,-1.4083
-1.4581,0.3635,-1.1617,0.5791,2.614,-3.7029
1.1318,1.2919,0.3623,-0.4884,0.7949,3.0024
0.3902,-0.0756,-1.4475,-0.3105,-1.247,1.2269
-0.2221,-2.4384,-1.343,-1.3738,0.0314,2.9095
1.6205,-0.494,2.2605,0.1663,-2.4859,3.1256
0.1717,-0.5799,1.2701,0.1095,0.0419,0.4533
0.9893,-0.2624,-1.8319,-0.108,2.6511,-2.3819
-0.8894,0.7829,-0.4539,-0.2185,-1.3288,1.9532
-0.5015,0.9969,2.7667,1.5461,-4.402,3.6784
-2.7734,-0.0308,0.7898,3.6244,-1.3288,-1.8253
-2.6824,2.9904,1.1699,0.1215,-0.855,6.0166
-1.1781,-0.7068,0.0293,-0.458,2.3158,-0.6365
-0.8888,0.8794,0.7438,1.2526,-0.9518,-2.8231
-1.5508,-0.4019,-0.2086,2.1796,1.7469,-5.9511
0.4108,-0.9532,-2.2215,-1.1445,3.7847,-2.8513
-1.123,0.5075,-2.0701,0.3115,1.8165,-2.068
-0.7788,0.7501,1.8585,3.6154,-2.52,2.3682
0.2641,2.1209,0.4711,1.155,0.8624,-1.3691
0.4765,-1.0705,0.7837,0.8752,-0.5829,0.9243
0.2742,0.2733,1.9217,2.0131,-3.5499,-0.8093
0.2725,2.1099,-0.6856,1.4536,0.8129,-2.2593
0.0359,0.6822,-0.2726,2.3883,3.7438,-4.2205
-0.0012,1.3992,1.2754,-0.8471,0.2725,-0.4967
2.0326,1.123,-0.298,-0.9543,-0.4342,2.6507
-1.917,0.4293,-0.6937,-1.3627,-1.303,1.0655
0.2779,-0.9476,1.7341,-1.6012,-4.1504,3.4727
-0.7,1.4908,-0.7426,-1.3019,1.0781,-0.3426
-2.038,-1.9078,-0.3035,-1.4971,-1.7311,4.8575
0.4138,-3.7113,1.3466,1.5352,-1.3317,-1.5445
-0.2313,0.7126,0.5251,2.1213,-4.2005,3.0068
1.8086,-3.1294,-0.2689,-2.5726,2.5402,1.4916
-0.7482,-1.2853,0.7838,-0.4175,-2.0508,-0.7048
0.2779,0.1726,-0.3583,-0.1598,-1.4644,2.4517
-1.1365,-0.867,0.9222,1.1718,0.4251,-0.613
1.7139,-0.4611,-0.9521,-1.8766,0.3276,2.8021
0.4102,1.5746,0.7782,2.3226,-0.139,-1.8712
0.6729,-3.84,-0.2841,2.9081,0.3256,-1.6374
3.2446,-0.0125,-0.8071,-2.8963,0.2661,0.7206
1.0379,1.6814,-0.4336,0.2165,1.9005,-2.3052
-0.773,3.5273,0.6213,4.0434,-2.234,-0.8369
0.4148,1.1703,-0.5287,0.3576,0.0784,-0.7744
-0.1436,-1.1694,1.0436,0.5405,0.2927,0.8155
-1.78,-2.2542,-0.0178,0.4481,-0.3495,2.3699
-0.8035,-1.7016,1.9615,1.5446,-1.6238,0.8843
0.4039,1.6268,3.9153,4.6291,-1.5008,-1.6823
-0.7553,-1.0638,0.1726,1.0756,0.1645,-3.5614
-0.9605,0.6488,2.6489,0.4423,-0.7454,0.1206
-0.6026,-0.6271,-0.5381,-0.8304,-1.5843,0.0968
-0.4627,-0.5433,1.2693,0.4772,-1.8421,1.8369
0.4974,-1.0069,2.2826,0.5264,-1.3654,2.447
1.2141,0.0121,0.0833,0.7031,-0.5254,1.5247
1.0529,1.5092,0.9949,-0.1553,-0.9539,2.8184
0.2089,-0.5219,0.3492,2.1343,-2.5566,-1.3509
-2.564,-0.9492,-0.5,1.2567,1.1394,-1.5821
0.5085,0.7424,-1.9141,-2.6262,3.8114,-0.177
0.1717,0.8499,0.8524,-0.7486,-1.8158,6.0697
1.097,-1.6328,-0.3933,-3.6581,0.9994,3.75
-0.7821,0.2339,-1.1519,-0.6568,0.6539,0.1272
-1.8257,-0.2588,-0.7458,-0.7756,1.324,-0.2538
1.5973,0.5527,0.427,0.4313,0.8288,-1.959
-0.8965,0.2154,0.8293,1.5411,-1.8117,0.0321
-0.8516,0.7235,0.8512,-0.8546,0.0684,0.29
-1.4776,0.8361,-1.2719,1.0427,-1.6281,0.3408
-1.5172,1.147,-1.3231,-0.515,0.0997,-0.8514
-1.1442,0.862,-0.4056,-1.6251,-0.0579,2.5285
-1.0261,1.7308,0.3897,-1.0883,-1.0179,1.4074
-0.4847,-1.2823,2.7712,0.7724,-2.648,1.714
-0.3662,-1.8478,1.4384,-0.4291,-2.1556,2.9109
0.2282,-1.0464,-1.4748,-2.922,5.5568,-1.2288
0.2634,-0.5973,1.8353,0.449,-1.6045,-1.5276
0.2072,0.316,-0.0036,-0.1354,1.2905,0.0239
-0.8011,0.7567,0.0045,1.242,0.8497,-0.6357
0.2907,-0.8673,-0.6138,1.8731,-0.2058,-2.022
1.3292,0.735,1.1437,1.6603,-0.994,2.1411
1.4108,-1.3299,0.2127,-0.8957,-0.4152,3.6
0.9216,1.1919,-1.352,-0.6865,0.4982,-0.1782
1.1058,0.938,-0.0489,-2.3467,2.9983,-0.3938
1.0182,0.3549,-1.1689,-1.8568,1.9119,-1.5204
1.2912,0.2932,-1.1737,-1.0838,0.6142,-0.6983
-1.1493,1.1195,1.8914,-0.2926,-2.6951,0.0449
1.6057,1.6716,0.6826,-0.2665,-1.4775,-0.2671
-5.1002,0.8823,1.3186,2.0489,-1.6777,-2.2389
1.4022,0.1058,0.2378,3.8875,-0.9925,-1.1019
-1.3027,0.4709,0.3406,0.241,-0.8935,1.6437
0.6577,3.33,1.0779,0.5177,0.1155,-0.2749
-2.1505,3.5348,1.8033,3.0894,-0.2146,-0.2756
0.0317,1.5429,1.6176,0.9018,0.6407,-1.5106
-0.1434,0.4307,1.8242,0.118,-2.1789,1.9313
2.7229,-0.316,0.0271,-3.9994,0.161,3.659
1.3142,-0.814,-0.444,-3.8538,0.0107,3.5767
0.7923,0.4958,-1.6164,0.0208,4.6571,-4.7782
-0.3075,-0.5817,-1.3061,-0.052,0.3998,-0.2796
1.9963,0.6486,-2.3461,-2.4687,3.2035,0.2597
0.0768,-0.9632,-2.2256,-0.2375,-0.6445,1.1852
0.3458,1.2138,0.5951,-0.0071,-4.333,1.1946
-0.5538,0.3589,-1.2891,-0.4656,1.7759,-1.8582
-0.6927,2.6935,-0.0073,1.8048,-1.6838,0.8974
-0.6181,-0.2159,-2.382,-0.1292,2.4158,-2.7955
1.2712,1.1979,-0.3304,1.2287,-0.2262,-2.0936
0.6933,0.6722,-1.1779,-1.3789,1.6674,-3.5511
-2.3524,-0.243,-1.6906,-0.0232,-0.2543,0.0253
-2.0949,-3.1023,0.83,-0.365,-1.6006,-0.3702
-2.5455,-0.2672,0.5644,0.1716,0.1129,-0.5833
-1.537,-0.2636,0.6238,1.0026,-1.7737,1.0506
-0.9056,-0.8668,0.7477,0.4473,-1.3921,1.0564
-1.9465,2.4645,-0.9243,1.1933,-0.9294,-1.1418
1.6236,1.2807,0.0677,-1.822,0.4383,2.8283
1.523,1.3154,4.0633,0.1252,-4.7371,5.8112
2.1734,-0.981,-1.2835,1.0176,1.3218,-2.4427
2.772,0.8082,0.1239,-0.8051,-0.6477,1.0328
0.1522,0.184,-0.6597,0.2187,1.8603,-2.8991
-2.0366,0.0217,1.9038,2.6785,-2.0624,2.074
-2.0418,0.9779,0.2435,2.5189,0.5677,-2.3642
0.8954,-0.0858,2.1623,0.8956,-1.0909,2.6261
-1.336,1.7943,-2.3987,-3.0064,0.9533,-0.9398
1.4179,0.2314,-0.3884,-2.3569,1.2525,1.5804
4.77,-1.6291,-0.8645,-3.2063,-0.2772,2.6527
-0.0093,-0.0159,-0.3017,1.1375,-0.0264,-1.1842
0.2707,0.1853,0.5154,-1.0543,-0.2078,0.8502
2.3991,1.4569,1.0383,0.6703,-1.8618,2.926
-1.3629,-2.2028,-1.169,-0.2317,0.8115,0.347
1.1818,-0.7148,1.2673,0.3416,-0.3772,-1.3666
0.7937,-0.1044,0.4536,2.1381,0.2049,-2.7141
1.3274,0.4484,-1.217,-1.9506,1.4515,-0.4407
0.7966,0.2829,0.2244,-1.5767,-0.6643,3.7115
-1.2247,0.6255,1.3011,1.6699,-5.4016,1.4276
-0.9365,0.4931,-0.5886,-1.8747,1.1542,2.3676
2.3062,-1.0788,-0.0119,2.128,0.7535,-4.0138
1.4458,-2.3424,0.794,-1.5023,-1.8945,3.3426
-0.601,2.1888,-1.5776,-0.032,0.3978,-0.7649
0.3654,-1.2025,1.093,1.6164,-1.3356,-0.7942
-0.9095,0.8156,0.657,0.18,0.4303,-1.0537
0.312,-0.6771,1.2915,2.216,-0.1235,-1.8834
-1.353,1.1941,-0.397,2.5858,0.9694,-2.4642
0.6921,1.5144,-1.8851,-3.5851,-0.3823,5.8499
1.3988,-0.4761,2.1723,-0.9858,-1.9709,5.5094
-0.4996,0.5044,0.5872,0.4954,-0.3481,-0.2596
-0.3846,0.2509,-1.9808,-1.0435,0.6045,0.8128
-0.4514,-0.1489,-0.3086,0.4069,0.2096,-0.9285
-1.019,0.7407,-0.1722,1.2252,2.6585,-2.3223
-0.4391,1.5254,-0.757,-2.3572,0.9548,-1.1942
-1.4171,-0.1927,-2.0111,-0.4188,4.1884,-3.1811
0.211,-0.6973,-1.2868,-0.768,-0.4261,0.5591
2.1721,-0.8263,-3.5908,-2.7769,5.2886,-4.9227
0.7275,2.0893,-0.0201,1.2793,-0.0555,-1.9264
1.0816,-1.2352,1.4708,-1.7233,-1.6669,2.4232
-0.0873,2.6734,0.8441,1.3779,-2.2301,0.295
-0.5184,-0.1487,0.4831,1.6318,-2.2703,2.1901
-0.5246,-0.2279,0.6774,0.763,-1.5886,-0.0941
-0.1194,-1.1857,-1.2037,-0.961,-0.2374,1.0158
2.7897,1.2536,1.9713,0.352,-0.8565,0.9107
0.2387,1.485,-1.3336,-3.3693,0.2865,0.5333
1.0787,0.1361,1.3646,0.2053,-2.1585,2.8903
-0.1723,-1.4379,0.6289,1.5228,2.0371,-4.0759
-0.0963,-1.6304,0.5755,-2.0701,1.6488,0.0785
-2.1924,-1.9544,0.3101,0.8155,-2.483,0.7801
-0.75,-2.7519,0.9258,1.4135,0.066,0.2853
0.3675,-0.1943,3.0533,3.0957,-0.0343,-3.7303
0.9236,0.8171,-0.5743,-2.0445,0.0205,-1.5584
-1.1393,1.154,0.9175,-0.7295,-0.5876,-0.4224
0.842,0.5293,1.1336,1.0838,-0.7565,1.3479
-0.7874,-0.8581,2.4979,2.0743,-2.9123,-2.0228
-1.6546,0.0351,1.0727,-0.6324,-1.3102,0.4464
0.051,0.6847,1.7186,1.6452,-3.0948,1.1807
-0.1296,-1.0289,-0.9202,1.2323,1.5455,-2.9268
0.5099,-0.7696,1.7805,0.8041,-0.2997,-2.0874
0.0755,-2.7883,-0.9997,-1.0537,1.7994,0.099
-0.5709,-2.4775,-0.8983,-0.7019,0.2633,0.0109
1.2183,-2.8564,-2.1253,-1.1809,0.7311,0.8752
0.1532,-2.4041,0.3515,0.8737,1.8181,-3.0929
-0.6707,0.4022,1.7519,2.4465,-1.6022,-1.0749
1.5862,-2.5169,-0.142,0.1499,0.4727,1.7335
0.4324,0.7673,-0.6216,-0.8522,1.6884,-1.2172
-0.0113,0.2765,-0.5084,1.0764,1.4136,0.0826
-0.2581,1.1708,-2.3924,-0.0449,0.0466,-2.917
0.1176,-2.6301,1.5676,1.6053,-0.8547,1.3767
-0.1666,-1.8872,-0.171,-0.1619,-0.7513,0.9148
-0.6997,0.7113,0.9704,2.1274,-2.788,-1.566
0.012,0.0931,1.246,-0.5277,-2.4898,4.8646
-1.4894,-0.0779,0.2746,-2.356,0.2592,1.8039
0.1041,-0.1659,2.3762,2.8842,-1.2586,-3.4165
0.7253,-1.7669,-0.4726,-0.6971,-0.6697,-0.0333
0.3087,-2.2282,-2.0046,1.5816,4.5015,-6.3949
-1.0474,3.2218,2.0697,1.8063,-2.6228,0.7376
0.2596,0.087,0.0397,1.7817,1.8266,-2.3744
0.5412,-1.5062,-1.2789,-0.4627,-0.8143,0.4592
0.6206,2.585,0.0845,-3.2809,1.4958,0.1877
0.7342,-0.1383,-1.5965,-1.6329,2.6322,-1.0095
-0.6098,-0.2188,-0.0776,0.6907,0.768,-4.3049
1.4562,0.1715,2.0185,0.0667,-0.9256,-1.8784
2.8794,1.4721,-2.1636,-3.4995,2.4253,0.3567
-0.7064,-0.5842,0.0829,1.2608,-1.1901,-3.4172
-1.1884,0.5747,0.7234,1.66,-2.2355,1.13
1.6299,0.1701,-2.8107,1.0139,3.753,-3.9445
-2.1004,0.3334,1.6082,0.6083,0.211,-2.3018
-0.4285,0.1519,-1.9263,-3.2723,1.1513,-1.7539
-3.6165,-3.2844,-1.7016,0.7704,2.4419,-1.9891
1.4276,0.8054,-1.4634,-1.3889,1.8511,-2.21
-0.0196,0.8874,1.2217,2.1409,-0.6016,1.7562
-2.4688,2.5297,0.4095,1.4043,-0.2714,0.4424
0.8342,0.9883,0.2025,0.0356,0.2483,-0.9792
-0.127,0.1588,-0.8306,-0.8055,0.6139,0.4793
-1.5622,-0.5788,-2.2056,-0.0407,-0.5483,-0.1776
-1.1846,0.7155,0.6454,2.5701,-0.4195,-3.9895
-2.2632,-1.2991,1.0818,2.0957,0.0357,-2.5374
2.5059,0.0229,0.3803,-1.7436,-0.191,1.8414
-1.9762,0.0907,-0.4005,-1.1323,0.008,-0.7649
-0.903,-1.298,-1.0581,-1.6999,1.3784,-3.3689
0.9922,2.3969,-0.7393,-0.0392,-0.3317,-0.6498
0.6081,0.5797,0.8487,-0.2818,-1.0242,1.6276
-0.5136,-0.9484,-0.9268,-0.157,2.1475,-2.69
1.9705,-1.6787,-0.1508,-0.7881,-2.7286,2.6906
-0.5,-0.7118,-0.7847,0.6836,1.8318,-0.757
-3.065,0.9764,0.538,1.3121,0.3427,-1.3295
0.0084,-3.0088,-0.14,-0.544,0.172,1.5462
0.5623,-0.4891,1.3749,1.6931,0.2342,-1.9158
-3.0746,-2.0109,1.9342,3.8912,1.4547,-3.9638
1.6687,-0.4422,0.6227,-1.4198,3.2509,-1.2127
2.3149,-0.4696,0.942,-2.995,-0.4724,3.0247
-1.5062,-0.6034,-0.5748,1.0265,-1.2332,1.0831
0.1109,-0.7017,-0.6545,0.2422,-1.0801,-2.5062
0.1326,-1.0512,1.1897,-0.1668,-1.9961,1.7352
0.4626,-0.8082,-0.5421,0.0954,-2.5592,0.6036
0.5918,0.1158,0.7617,-2.0091,0.0106,2.215
1.925,-3.1707,-0.9087,-0.0445,4.0545,-3.9035
1.4085,1.0479,2.0007,1.1505,-1.1307,1.5808
3.2209,-0.478,-1.101,-4.4578,3.2307,-0.7301
0.492,-1.4569,-0.0218,0.0733,0.2385,-0.6146
0.3142,0.7882,-1.4134,-1.6691,2.2736,-3.3626
0.1443,-0.2543,0.6964,1.059,-1.2015,1.9639
-0.829,-0.0053,0.8682,-0.9184,-1.6369,1.4177
1.4549,-1.3746,-0.9926,-2.5819,2.4544,0.8925
-1.3658,-0.8112,0.5942,-1.1227,-2.6755,1.4548
-1.2263,-0.7975,-0.6408,-0.6981,0.6298,0.0811
-2.8669,0.0224,2.3719,1.2352,-1.5613,-0.59
-0.1138,1.6709,1.5117,1.6704,0.8282,-2.198
-0.3533,0.4432,0.4714,-2.0504,-1.5127,5.2568
1.3807,-0.9036,-1.376,0.8067,1.1167,-3.8074
0.2221,-0.8474,3.0362,3.0975,-1.2778,-3.371
-0.7797,1.002,-0.4728,-0.0739,-0.0795,1.8239
-0.0899,0.5388,-0.7934,-1.4564,1.4015,0.4929
1.7333,2.1351,-0.5638,-0.2733,-1.2798,3.2373
-2.3044,0.4169,-1.3343,1.3238,1.0362,-1.9448
0.2288,1.342,-0.3166,-0.3909,7.3571,-4.7477
1.4765,1.8281,-1.0292,-0.8967,0.4774,0.4633
1.1073,-1.1597,0.8309,0.1002,-2.7697,0.3777
-0.424,0.8805,-1.7248,1.4922,0.8197,-2.069
-1.692,1.8412,3.1391,3.9142,-3.9362,3.0944
-2.5927,-0.6451,0.9554,1.4713,2.3554,-3.7875
1.0552,-0.695,-1.5044,-2.6939,1.9311,0.3068
-1.3671,-0.12,1.8864,2.8572,-1.0089,-0.5155
0.7034,1.9187,-0.543,-2.358,1.8808,-2.1621
-1.1657,-0.1196,1.4259,0.7173,-0.4953,-0.3162
-1.2217,0.6833,-1.0453,1.6053,0.3399,-2.5545
3.5936,0.4203,-0.6453,-3.2061,-0.0625,3.0579
-2.792,1.2295,2.6931,6.4797,-2.9946,-1.8237
0.9296,1.2773,-0.1057,1.7628,1.0979,1.2547
0.9489,1.5528,1.1951,-0.6302,0.1077,0.0279
0.1806,1.5819,-2.3549,-3.5792,-1.6159,3.0206
1.7854,-1.7311,1.9842,0.1195,1.5121,-0.5125
0.2015,-0.1947,-1.4378,-1.3053,0.3792,1.3251
-0.1536,0.3904,2.1606,1.3146,-0.4675,-0.4699
-0.9344,1.0664,-0.4914,-0.0559,-0.5126,0.6152
-0.1013,-2.6136,0.0438,-3.3701,-2.0972,7.031
-0.2864,-1.3118,-0.6344,-1.1243,-0.3314,0.6283
-0.04,-0.8927,1.1762,-0.4046,0.6222,1.4024
1.2739,-0.9013,0.8071,0.91,-1.3082,0.642
0.1554,-0.4186,-2.5364,-1.5713,2.2561,-1.7786
0.2943,0.3555,2.2453,1.87,-0.8883,-0.4294
0.6072,-0.2857,1.5459,1.7959,-4.6325,0.7249
1.8141,-0.0631,0.7566,-1.8218,-0.8205,1.9688
-2.1897,0.4106,0.5356,2.9564,1.2487,-3.0338
0.8211,1.3982,0.9912,0.1454,-0.2061,0.2237
-0.3706,1.2279,-0.6509,-2.5962,0.9662,1.7041
0.9562,-0.5114,0.7308,2.649,-0.4891,-0.4807
-1.1737,-1.4525,-0.0148,-3.388,-1.4596,3.1637
2.8232,0.4662,0.9332,-4.1765,0.8459,2.8328
-0.5996,0.8317,0.1147,2.9417,-1.6163,-1.5876
4.4148,-0.8493,1.7127,-1.4366,-0.1234,2.1169
0.1494,0.1837,0.1561,3.7607,-2.4161,-0.2768
1.4262,0.3055,-1.0462,0.0645,2.1324,-0.9224
-0.2055,-0.7665,-0.0321,-0.5374,0.3929,-0.2855
3.2063,2.2443,-2.9685,-1.357,2.5062,-3.0639
0.9993,0.6436,-0.8554,-0.6563,2.4699,-0.9334
-0.0336,0.7433,-0.0597,-2.0992,-2.8622,4.1903
1.0092,0.958,1.8324,1.3471,-3.0434,1.5781
0.1315,0.1918,-0.8581,-0.9246,0.3427,1.3723
3.3517,-0.5694,0.8698,1.104,-2.642,0.665
2.2994,-1.8589,1.3479,0.4841,0.5551,-2.2032
0.1382,0.0918,-1.6852,-0.2045,3.5857,-2.0573
-0.7553,1.9209,0.6384,3.0789,0.3484,-2.3277
1.2056,-0.4568,-0.6059,-1.9282,2.5813,0.315
-0.6435,1.267,1.0223,1.0888,-0.0937,1.7249
-1.0746,-0.9029,1.6807,1.9789,-0.9893,-0.6953
-1.5474,1.1469,0.8265,-0.865,-1.6121,2.1822
-2.0813,-0.9369,-1.615,0.6951,0.4615,-0.1056
-2.3405,2.917,0.3315,1.2336,0.1755,0.0791
1.158,0.1853,-0.1079,0.1914,-0.3566,-2.3856
1.1585,-2.4382,0.1063,-1.4329,-0.0487,1.5509
1.0383,-0.5138,1.3441,-0.3084,-1.2758,2.5796
0.0665,1.9111,0.4198,4.6281,-1.1244,-2.5836
-0.2342,-3.1097,-0.4276,-2.5975,1.5256,1.8868
-2.6623,-1.6727,1.6266,4.2234,-0.3773,-3.7166
-1.1517,0.421,0.466,2.3358,1.286,-2.7479
0.5913,-3.7072,0.6382,-0.8999,0.5761,-0.2664
1.2551,-0.4506,-1.2695,0.331,1.4787,-2.2991
-0.1982,-0.7362,-1.7991,-4.4781,2.4098,2.8672
-1.752,0.2971,1.2172,1.2055,-1.0289,0.0149
-1.4896,1.7837,1.1328,1.2051,0.2328,2.7466
-0.1893,-1.7803,0.5557,1.0624,-1.3785,0.8583
0.9744,-1.8073,-0.9998,-2.1189,-1.4783,2.2826
-2.4802,-0.6715,-1.312,0.6143,1.3133,-4.9159
0.7877,-2.9266,-0.4377,1.8871,-0.0071,1.201
-0.3426,1.8822,-0.2024,0.5176,0.3142,-1.319
0.9831,-0.1295,0.2259,-1.2435,-0.2119,2.7849
-1.0123,-0.891,2.1469,1.7275,-0.5491,2.6579
2.0551,-0.5236,0.0956,-0.6341,-0.2185,-0.6425
1.792,-0.2593,-0.365,0.2983,-0.9592,-0.7931
-0.7587,-1.4468,3.6759,1.9976,-2.1899,1.6982
0.4718,-0.0969,-0.4989,-1.3338,0.1963,1.0139
-0.6313,0.969,0.8144,2.0926,0.9318,-1.5086
-0.6391,-0.1974,2.0343,1.0644,-1.6078,-0.3781
1.8991,0.8999,1.3623,1.3994,-0.7845,0.0289
-1.9121,0.1354,-0.8713,3.1491,-1.8009,-2.4382
1.9549,0.3707,0.6933,-0.5505,2.5815,0.0208
-0.1483,1.5696,0.6584,0.7192,-1.2936,2.0094
0.1333,-1.1007,0.2969,-2.075,-1.0582,2.9773
-1.7392,-0.393,-0.2375,-1.1263,0.3423,2.4526
-2.2192,0.0924,0.1982,3.4341,0.0135,-1.6285
-0.6242,-0.8993,-2.8435,0.2948,5.0162,-3.1335
3.6615,-3.1987,0.5666,-0.4344,1.645,0.9842
1.0105,1.7089,-1.6288,-1.9152,1.6242,1.0703
-1.0278,-0.2031,1.2378,2.7178,-2.7698,-0.8738
2.0007,2.0452,-0.5487,-1.2942,0.733,0.6419
2.0515,1.4749,0.8599,-0.8789,-0.792,-2.026
0.669,0.1,-0.7669,-2.0108,0.6591,0.2985
-0.6513,1.4406,-0.121,-0.1492,0.8032,-1.9528
1.9917,1.7925,-0.1002,1.6393,0.179,-2.9308
-1.43,-2.0545,2.6457,0.8606,-0.5133,-2.0027
1.1864,-2.5824,-0.6714,-2.4407,1.2212,3.3888
-1.5656,0.7297,-0.5858,0.7714,1.5262,-1.3887
-0.2955,-2.1996,0.0849,0.4548,0.2517,0.0786
2.079,-0.7749,1.4702,1.0935,0.8431,-1.4548
0.4979,-0.399,0.3616,-0.63,-1.458,1.0462
-0.0727,-0.6274,0.3157,0.8392,0.9935,-3.443
1.398,1.1645,-2.9907,-5.195,0.935,2.417
0.1281,2.4473,0.4233,-1.1669,0.4221,-1.6424
0.7829,0.2067,-1.262,-1.2185,-1.9622,2.8383
0.2429,-2.3817,-0.2113,-0.9829,1.7069,-1.4579
-2.2349,-0.2387,0.1541,1.4486,-0.0207,2.9901
1.0155,0.6621,-1.5406,-0.871,1.0566,0.6338
-1.2259,-0.9026,-1.689,-1.2164,1.4801,0.8316
1.5114,-0.2224,0.5012,-2.0096,1.718,1.19
-1.1728,1.2032,1.1954,2.6129,0.0399,-0.3052
1.536,1.1279,1.4963,2.3016,-0.971,-0.5309
-1.1143,0.7112,1.1203,0.9928,-1.5725,1.0057
-1.0022,-1.2545,-0.2112,-2.4092,2.8743,-1.0235
0.8319,-0.6308,0.4837,-2.0628,-0.5177,1.764
-1.4587,-0.8959,-1.369,0.8854,-1.7588,-1.2733
-3.4496,-2.646,-0.2534,1.0862,-1.7053,1.742
0.6444,1.1884,-1.7072,-0.4633,1.0689,0.4498
0.3972,1.2857,-0.0293,0.836,-1.9179,0.8597
0.1146,-0.0707,0.2004,1.5706,1.1071,-3.8091
0.0767,0.8574,-0.8731,-0.9909,-0.9443,1.0994
0.3188,1.2544,-0.6568,-2.6588,-1.3327,7.4047
0.9781,-0.4009,-1.9155,-1.3304,3.6119,-1.9692
-0.823,-0.6843,0.2177,1.4215,0.1626,-0.7098
0.8601,0.2513,0.5702,1.211,2.4148,-1.2675
-1.0147,4.1057,-0.7698,0.8216,0.1536,-3.4266
1.3008,1.6159,0.5694,-1.7199,0.4418,2.4864
-0.1408,0.4524,0.1438,3.0472,-0.1553,-3.0913
0.0843,1.5255,-1.0771,0.7208,-0.3199,1.0455
-2.5621,0.1154,1.2946,3.1599,1.132,-7.2379
2.3082,0.5638,0.9759,-1.5108,1.1775,0.2325
1.1725,1.7182,1.9917,0.3493,-3.501,4.3973
0.9443,-1.004,0.1941,1.4856,-0.0328,-0.9427
0.7273,-0.2257,1.4065,0.4527,-1.0249,0.1268
0.2822,-0.3827,-0.5327,0.0886,0.6236,-1.5514
0.8278,-2.1385,0.3202,1.022,-0.2183,-0.9408
1.7069,2.2191,1.4181,-1.6643,-0.4656,0.87
0.0125,-1.6675,0.8586,0.4394,-0.1116,-0.1994
1.9082,2.3433,0.8907,0.2651,0.5245,-4.2215
-0.8071,-1.7776,2.6107,-0.5387,-3.3661,3.2352
2.5546,0.9135,1.0476,0.9542,0.4652,-0.5503
-1.5021,0.3383,2.8345,1.8619,-2.1154,1.1023
0.6321,-1.0995,0.6622,3.3608,-0.5943,-4.803
2.2125,-1.9821,-0.3154,-2.1324,2.4353,0.2919
-0.6541,-0.0607,2.8009,3.7856,-2.5546,0.1115
-3.6488,-0.3585,-0.4892,1.1126,-0.6449,-0.3461
-1.2377,-0.9879,1.8914,3.0438,-2.7857,1.3911
-1.4071,1.1555,-1.6029,-1.6141,1.8069,2.4593
0.976,-1.8926,3.1337,1.6262,-2.5131,2.9168
-1.2016,1.104,-0.8441,2.4212,2.8189,-5.3678
2.1506,1.3926,0.0449,0.2877,2.5376,-1.8721
-0.3208,0.8958,0.2852,2.6376,0.5856,-1.4635
0.9858,-3.7675,-1.1317,-1.1631,1.0257,1.2229
-2.5331,-1.2219,-0.9325,1.2756,-1.5483,0.0643
1.9635,1.1538,1.0397,0.2642,-1.1205,2.4826
-2.2968,-0.4928,0.9521,1.8114,0.9845,-4.9964
-1.739,1.0814,0.1157,-0.0301,1.2241,-0.1244
1.4332,0.7912,2.5125,1.1344,-1.9581,0.1956
-0.258,-1.0831,1.0291,0.1501,-0.5788,1.8077
-1.9915,1.2515,-1.5947,-0.1938,3.5661,-0.8739
0.7968,1.4443,-1.0536,1.1695,1.5939,-1.5176
1.8561,-3.2756,1.0369,-0.5756,-0.6396,1.657
-2.5333,-0.1185,-2.1151,0.7595,0.4515,-1.6041
-1.6875,-1.0617,-0.459,0.91,1.0157,-2.1177
-0.1573,0.9702,1.3037,-0.2428,-0.6568,0.0229
-1.4657,-0.4878,1.8383,-0.7745,-1.1165,2.297
1.5026,2.357,-0.8675,0.2183,1.1155,-1.2517
-0.0009,-2.033,0.7394,2.9694,0.9378,-0.0473
-0.3094,-1.7982,0.325,1.9879,1.5697,-3.7773
-0.6311,1.559,0.6444,0.126,-1.5385,0.2414
-1.0194,-0.1074,1.9805,0.7601,0.9326,-0.8644
0.8331,0.9919,1.0463,-1.2928,-4.0227,4.1184
-0.7535,-0.8901,-0.1447,0.4475,0.7654,-2.8889
-1.7482,-0.3496,-0.8019,1.0543,-2.0367,1.6301
-1.9083,1.104,-0.3031,1.448,-0.5734,-1.9872
-0.1651,0.9252,1.4584,1.5295,-2.8875,-0.0075
2.462,1.1372,-0.0891,1.0787,0.5268,0.907
-1.8635,-0.5622,-1.3481,1.693,1.777,-2.1166
-0.7518,-2.368,-1.7857,-0.4164,1.2011,2.055
-0.7192,0.2621,0.9236,0.468,-0.8709,-0.98
0.8862,-1.1063,0.6314,-1.3515,1.134,1.6967
1.3992,-1.5462,0.1567,-2.1035,0.6527,0.1416
1.1939,0.3081,1.7615,-3.1991,-3.4402,5.4563
-0.9906,0.3957,0.9256,2.098,-1.9859,2.2796
0.5759,1.7653,0.377,1.3935,0.0607,-1.668
1.9785,0.8889,0.1152,0.4681,0.0071,1.9484
-0.7771,-0.4476,0.7235,0.0474,-1.4201,-1.4497
-0.8109,0.228,-0.97,0.3574,0.5411,-0.6076
0.0678,0.923,-0.5601,-0.7875,3.5425,-0.8952
-0.1542,0.5223,1.2076,0.0447,-3.3361,0.4879
-0.1162,-1.8544,-1.079,-3.9729,1.3273,0.9047
1.5788,3.0697,0.5195,2.2533,0.1313,-2.114
1.4941,-0.1754,2.8458,1.4107,-2.4324,1.2371
2.439,0.3469,-1.7143,1.8789,0.0162,-2.6393
1.3178,-2.4453,0.2393,-2.121,-0.9221,2.2093
0.3068,0.6749,-1.37,-0.6772,2.5914,-1.6223
1.0914,-2.4643,0.0606,0.4588,-1.3879,0.6929
1.2142,-0.5624,0.3006,-1.7005,-2.4298,1.4115
0.8034,0.6052,-2.9828,-0.7728,4.5094,-2.5313
-0.1816,1.1729,-1.762,-0.2119,3.6715,-4.1736
-1.2984,0.9905,-0.263,0.3675,0.5763,0.3227
0.4996,-0.1505,-3.0972,-0.7567,3.4912,-2.139
1.6386,1.8779,-1.0429,1.1357,0.8257,-1.8646
-0.7414,-1.506,-1.6484,-3.273,0.1015,3.4314
-3.9296,-0.6939,1.8958,2.3356,-3.4707,-0.4243
0.7848,-1.0753,1.5063,1.2685,-0.8767,1.0621
-0.8042,-0.9191,0.1515,-1.9778,-2.2753,4.7341
-1.6265,-0.3972,-0.1311,3.9868,-2.4157,-1.2309
0.1703,-0.2747,-2.5067,0.3083,2.794,-2.5033
-1.0863,-0.3128,0.7865,2.473,-1.0828,0.3776
-0.4176,0.3349,0.972,2.842,-0.7628,-2.4817
-0.7084,-0.8052,-1.9666,-1.6119,3.2144,-0.7878
1.2012,-0.0264,-2.2793,-2.0508,2.0409,-1.3998
1.5847,-2.697,-0.8437,-1.9162,0.1331,0.9013
-0.773,-0.0241,0.5725,4.1972,2.5327,-4.6264
-1.5423,-2.5552,1.1892,4.6519,-3.6153,-2.1574
-0.2602,-0.0825,-2.9775,-0.0216,2.5947,-2.7918
-0.4823,-1.3751,-0.5404,-0.9612,-2.3132,3.263
1.7438,1.31,-1.1451,0.321,3.3982,-3.7776
-0.9147,-0.1058,0.8322,0.9031,1.9182,-1.7219
2.6872,-2.6047,0.0379,-1.1392,1.4266,-1.3744
-0.1927,2.2787,-0.1612,1.5517,1.772,-0.9003
-0.6837,-0.7803,1.283,-0.7591,-1.7058,0.0239
-1.8643,-0.8397,0.1031,4.5599,2.4023,-6.5595
1.1572,0.1172,1.7572,1.4061,-0.5291,-0.6653
-0.5815,-2.3428,2.2817,0.115,-2.111,3.0507
-2.1478,0.2453,0.9521,0.6617,0.1565,0.0681
0.0082,2.0876,-1.5954,1.4008,1.9026,-1.0124
-2.4705,-0.3625,2.2723,1.869,-3.1866,1.3561
-1.4462,-0.7092,-2.0582,-2.306,0.4171,-0.438
0.0699,2.0737,-2.3036,0.7051,2.359,-3.5305
2.0437,4.9612,-2.2847,0.5793,2.6071,-5.1657
-0.6779,1.6311,-1.7135,3.1211,1.4737,-4.7525
0.087,-0.6301,-0.9127,-1.029,2.0311,-0.6953
-1.7208,0.4037,-0.6807,-0.0069,2.0224,-0.4811
-0.5867,0.3992,-0.3335,-2.4631,-2.0053,4.2734
0.984,-1.4191,0.1787,1.7811,-0.4188,-3.1771
-2.3851,1.4609,1.3415,2.6287,-2.8014,1.0445
0.3543,0.6034,1.1637,0.5867,-0.7265,1.3254
-2.2428,0.9123,2.08,2.3451,-4.2794,2.1421
-0.3394,1.1808,0.3176,1.9444,-0.9754,-1.1393
-1.0908,1.9762,-0.3185,1.7458,-0.2283,-2.3077
3.4555,-1.0712,0.2318,-2.5498,0.5724,-0.2538
-0.8331,-0.1996,0.1942,-1.1733,1.9051,-1.6957
-0.1006,-2.3973,-0.1137,-0.3813,1.5272,-2.7002
-2.0375,-2.7125,0.764,0.5893,-0.7211,-1.1447
-1.3203,-1.1455,0.5775,0.783,0.489,-2.444
1.4473,-1.0612,-1.1263,1.1547,-0.2836,0.6524
-1.268,-1.3351,-0.0794,1.1911,0.1753,1.0723
-0.1188,-1.3366,1.0523,2.6943,-1.0769,-1.4561
-0.3886,-1.9705,-0.6299,1.418,2.2113,-5.7076
0.0751,0.6713,1.0979,-1.7831,-1.1865,0.7075
-0.1698,-0.0028,-1.1368,-1.5299,2.753,-0.612
0.7903,0.6866,2.3219,0.7321,-4.4201,4.5384
-0.4219,-0.8444,-1.5381,-0.7343,0.2852,-1.2716
-1.1675,-0.4091,-4.6176,-1.7278,4.1674,-3.671
-0.211,-1.4881,1.1592,1.3329,-0.8284,0.0246
-1.4922,-4.0367,-2.7135,-0.3833,0.9921,0.4223
-2.0746,0.4344,-0.3001,1.294,1.83,0.2191
-0.1831,-2.0115,-1.4645,-3.529,-1.3312,6.135
1.1165,-0.71,-0.5373,-0.1952,-1.7728,4.5564
-0.5252,0.7653,0.6122,0.8257,2.115,-6.2563
0.5663,1.4523,-0.275,-0.6429,1.5792,-0.9428
-1.5983,1.3365,0.5713,1.7798,0.1898,-1.236
-2.3273,-0.4456,-1.3149,0.4054,0.9925,-3.1855
-0.3874,2.4737,-0.1003,0.0628,1.7791,-4.3493
0.5822,-1.6224,-0.9449,-0.3251,0.249,0.1169
2.5782,0.1019,0.4853,-2.301,-1.8389,4.8623
1.9413,0.3511,1.301,-0.9627,-2.2565,3.4602
-0.777,-1.2252,0.3669,1.7639,0.5392,-1.0768
0.6592,0.5959,1.1181,-1.3353,-0.7202,0.3946
-2.6832,0.1006,-0.4724,0.9683,0.5763,-1.1359
-0.6372,0.8163,1.2574,1.2549,-2.8432,1.5419
0.5145,-1.8917,-1.5131,-2.4364,0.7599,0.6429
1.4257,0.5408,-0.4208,-0.3798,0.6562,-1.1448
-0.5838,1.1595,1.6743,3.4956,-2.8654,-0.2285
-1.2404,-0.574,-0.1316,2.3329,1.4917,-3.5187
-0.3932,-0.5563,1.2263,1.8092,1.237,0.59
1.7011,-0.1965,0.5814,-0.926,-0.6811,1.5666
1.6754,-0.4436,-0.4105,-2.1174,-2.5301,3.5384
-1.6996,-0.759,-1.0484,0.3231,-1.2225,1.5784
-0.1121,-1.0594,-1.1907,-1.7469,1.3691,-1.8092
1.4858,-2.5703,-1.2694,-4.0114,1.5766,3.4065
-1.1347,-0.0286,-1.2993,2.4484,0.6488,-1.6299
1.8827,0.098,1.5619,-1.929,-2.0204,1.8577
2.8012,1.149,-1.1461,-2.0376,2.7836,-0.2302
-0.8219,1.1297,0.7066,1.9407,1.6896,-3.4873
-1.2644,0.0667,-2.4149,-2.4577,-1.0525,1.883
0.5512,-0.5226,-0.9992,-0.6683,-1.366,-0.1435
0.6215,-2.6357,0.338,-0.4232,0.3654,-0.3039
-1.119,0.0577,-0.2822,-0.7884,0.3218,-0.3008
0.9257,0.137,-0.5207,-2.9521,1.234,-1.0532
-0.1336,-0.0352,-0.0223,-1.9407,0.2156,0.5432
-0.0559,-1.719,1.9197,-0.1047,-1.4638,-2.3096
-0.6761,-2.5973,-0.3194,-1.4599,0.6479,1.4406
-2.0497,0.9209,1.3831,-0.8315,-1.7797,3.1054
-1.7319,0.2199,-0.4248,0.205,3.143,-1.3342
-0.6767,0.3179,-0.4077,-0.2091,-0.6393,0.1082
-0.3154,0.7944,1.6745,-1.3184,-2.2214,2.7978
1.2299,1.8087,0.1482,-1.7954,-1.1032,2.7296
0.9515,-2.2018,1.2307,0.8918,-3.1118,2.432
-2.0807,0.6012,-1.1182,2.0389,0.5852,-3.499
-0.3588,0.5493,-1.1367,-0.3578,-1.6793,0.0281
0.3875,-2.4131,0.2623,-1.3676,0.4119,1.8823
0.5822,0.7151,-4.3289,-2.0757,1.423,1.6359
0.2788,-1.5616,-0.3287,-1.2942,-0.3252,1.1103
-3.7666,0.9504,1.4142,1.1777,-2.2781,0.5912
-0.046,0.8139,-1.3357,-1.6727,2.8503,-0.5277
0.0372,-2.4805,-1.0956,-0.3013,0.2645,-3.8512
-1.0715,0.9977,-0.8591,0.7657,-0.232,-1.5025
-0.6627,-2.7889,-0.1264,-1.056,0.0979,2.243
-1.0358,0.3631,-0.9594,-2.0863,2.623,-2.1071
-3.4839,-2.2952,0.498,0.1848,-3.4598,3.3784
-2.8561,0.3669,0.4724,0.3607,-2.3031,1.5534
-1.7247,0.9,-0.8134,-1.5045,2.8682,-1.2994
0.7848,0.2988,1.203,-1.9953,0.9882,1.066
0.9202,-0.5411,-0.1778,-1.3785,0.3087,-1.681
-1.4638,-0.9547,2.5333,3.238,-2.0381,-1.3447
0.4666,0.7566,-0.4121,1.3932,-0.3393,-0.3325
-1.3913,1.4021,-0.6651,-1.1785,1.025,1.6452
-1.3439,1.2811,0.1403,-0.6521,0.3578,2.424
-1.0558,1.1589,-1.7787,-0.2207,1.2028,-2.0315
-0.4653,1.9791,1.4806,2.071,-2.6927,-0.7903
-1.9504,1.4891,-2.5678,-0.1217,2.4017,0.7206
-1.7684,-0.8907,-2.1427,-0.4543,2.2098,-0.7414
-0.0288,0.742,-0.7035,0.8777,1.8288,-3.2142
-0.2996,0.8898,3.2253,0.1906,-4.495,3.961
-2.4586,0.6393,-1.2162,1.8759,1.9122,-3.5462
-1.0915,1.1041,0.6016,-0.5965,-1.1089,3.5314
1.6577,0.1874,1.9225,-0.3568,-0.4286,0.4583
1.3914,0.5334,0.295,0.6161,0.7339,-2.5794
0.8471,0.0917,-1.3345,-0.9083,1.1605,1.6434
-0.1776,-1.8892,-0.9222,-1.0222,0.6033,0.6647
-1.7496,0.4415,-1.9157,-0.5855,1.341,-1.5874
4.2534,2.087,-1.1988,1.0463,1.4367,-0.9622
-0.0244,1.1747,-1.1475,-1.0145,-0.09,0.6968
-0.0815,0.2979,-0.4878,-0.1052,0.6733,0.9398
-0.9975,0.8511,-0.9129,1.7214,2.6614,-2.9881
0.4693,-1.0628,0.6425,-3.0467,2.9413,0.6417
0.2154,-0.2317,0.1545,1.1215,-0.5167,-0.137
-1.0148,0.7336,1.6574,1.8762,1.8176,-5.9727
0.925,-0.8694,-0.1298,2.3353,-1.4303,0.7215
-1.9167,-2.344,-1.1803,0.1092,2.259,-0.5748
-3.1241,1.5717,-1.9917,1.0834,-0.5061,2.5895
0.6327,3.8673,-2.1923,-1.3498,4.3901,-2.0766
1.7185,-1.1497,0.5985,-0.2649,-1.329,2.5263
0.3944,0.6363,1.373,1.621,-1.692,-0.3471
-1.4628,-2.4348,-0.2093,0.9,-0.6828,1.1138
-0.3723,1.3096,-2.9728,-1.5589,3.2901,-1.0893
2.0176,1.6603,-0.3805,0.3631,-1.6492,-1.438
0.1233,0.0704,-1.1889,0.3577,-1.0587,-0.1596
0.2853,2.0192,0.0416,-1.5615,-0.9259,0.7757
-1.7555,-2.164,-2.9755,-1.9872,1.8674,-0.9214
0.0679,0.746,-0.9213,-0.2365,2.3961,-0.3717
-1.9067,1.4192,-4.5904,0.5057,4.0338,-3.6038
1.4161,0.8318,0.4768,-0.9607,1.5097,-3.5929
1.4911,0.4715,0.3071,-0.4869,-1.4577,3.6515
-1.7794,-1.0056,1.1666,1.9691,-0.2946,-2.3569
1.1217,1.2336,-1.0479,1.3001,-0.0609,-2.5568
0.1641,-1.6122,-4.2281,-3.466,5.2585,-0.715
1.681,0.2162,1.2542,-0.626,0.5906,0.312
1.2516,2.2748,-4.5171,-4.1952,4.145,0.6214
-0.7909,2.3635,-0.7822,1.5309,0.4488,-0.8218
0.7577,0.572,-0.3643,-1.8247,-2.1117,1.5808
0.1691,-1.507,1.2975,2.1583,-1.0074,-0.2695
-0.371,0.3331,-0.6001,-1.4515,0.6283,0.5978
0.0148,1.1101,-0.1963,-0.3604,-1.0786,1.7067
1.3798,-0.1448,0.0203,-0.8425,-0.9012,1.9558
1.0577,2.6375,-2.2469,-1.0828,2.6027,-0.3222
-1.4866,0.1036,1.6112,-0.4515,-1.6302,-1.7357
0.0241,-0.1795,0.8772,1.1768,-1.5664,2.2099
2.0233,0.4312,-2.0448,-3.0044,5.7411,0.4382
2.2082,1.6216,0.3617,1.2974,-0.2571,-0.1429
0.4371,0.7745,3.2751,2.255,-2.5563,1.3262
1.0878,-0.4365,-0.1505,2.1158,-0.6802,1.61
-1.9216,-0.2287,-1.6233,-0.4675,-1.1844,1.2604
0.0475,1.67,0.8429,0.6632,2.6128,-3.6591
-0.9513,0.4704,0.4196,-0.1452,-3.2464,0.3061
1.5134,-0.3527,0.0324,-1.6719,-0.4916,2.3521
0.3495,-1.9023,-0.3682,-0.1688,0.8398,-0.4479
0.7323,-0.5573,-0.2204,-1.4607,0.5201,1.3896
2.8102,-0.4889,0.9659,-0.1069,1.3947,-0.655
-0.785,-0.6161,-2.493,-2.8197,2.2043,-1.6626
-1.4128,-0.1874,-1.1835,2.1045,-1.9268,-2.3231
0.8716,2.9003,1.997,1.4944,-0.2046,-0.038
-2.1219,0.1868,1.1904,2.497,-3.8055,0.2241
-0.6841,-0.9284,-0.1034,0.478,-3.5799,2.9039
-0.8584,0.2319,-1.6597,2.0733,3.2685,-4.9543
0.4898,1.6734,-0.9042,-0.3937,2.1707,-2.5679
0.9061,1.1413,-1.5808,-0.7467,1.4792,1.1021
2.9192,0.659,0.503,-2.3517,-1.1952,3.5535
-1.4314,0.5356,-1.1661,1.7678,1.5392,-4.6388
0.7999,1.0334,-1.7238,-0.0612,0.7809,-0.7469
1.4729,-1.5439,2.4884,-2.9787,-3.0656,4.3423
1.2029,-1.5455,-1.2156,-0.7774,0.5311,1.9488
-0.1684,2.1538,-2.7634,-2.0155,-0.0915,1.0117
-1.0008,2.2678,-1.196,-0.1772,3.5246,-1.0118
0.1075,2.1741,0.0822,-0.6787,2.0792,-1.8262
-1.8546,0.1235,1.3385,0.0455,-1.3987,0.316
0.263,0.3689,-2.7353,-0.0096,-0.6602,1.0352
0.7619,-1.4091,1.8563,0.0648,-2.4236,-0.7954
1.0087,-0.5926,-1.6577,0.9193,1.6925,-3.0046
1.731,-2.931,1.4505,-0.7168,-0.4273,1.1374
-1.9233,-1.0981,0.3894,-0.0383,-0.4704,1.0549
0.7638,2.8879,-0.8052,-2.2398,-0.0917,3.9909
-2.683,-2.0103,-0.721,1.9519,-0.2074,-1.4089
0.7013,-1.1758,-0.5809,-0.5927,-0.2848,0.3732
-0.4735,-1.6658,1.6894,1.3506,-1.7033,1.7316
1.6112,1.1869,-1.6167,-0.3559,1.1987,0.6901
-1.0836,-0.4445,2.0839,-0.9381,-3.2653,2.4002
0.5096,-1.3275,-0.365,-4.336,-0.1873,1.779
0.2929,2.8628,-1.2536,-1.0802,-1.4843,3.3664
-0.1483,1.7773,-0.1253,1.0109,0.4776,-0.8575
-0.8308,-0.1639,0.3563,-0.5785,1.1715,1.0725
0.4656,-2.3144,1.2557,-2.1884,-2.3505,5.0267
0.0064,0.442,0.54,-0.379,-2.3719,2.4286
